Extracted:,United Nations High Commissioner for Refugees
Date extracted:,29/06/2019 22:57:31
Last updated:,29/06/2019 22:57:31

Data table contains the following:,UNHCR resettlement departures
Years selected:,"2014, 2015, 2016, 2017, 2018, 2019"
2019 data (if included) as of:, April 2019
Country of origin:,"AFG,BTN,COD,ERI,IRN,IRQ,MMR,SOM,SDN,SYR"
Country of asylum:,""
Resettlement country:,"ALB,ARG,AUS,AUT,BLR,BEL,BRA,BGR,CAN,CHL,HRV,CYP,CZE,DNK,EST,FIN,FRA,DEU,HUN,ISL,IRL,ITA,JPN,LVA,LIE,LTU,LUX,MLT,MEX,MCO,NLD,NZL,NOR,PRY,POL,PRT,KOR,ROU,SVK,SVN,ESP,SWE,CHE,GBR,USA,URY"

Year,Country of Origin (ISO),Country of Origin,Country of Asylum,Country of Asylum (ISO),Country of Resettlement (ISO),Country of Resettlement,Total departures (persons)
2014,IRN,"Iran (Islamic Rep. of)",-,"-",SWE,"Sweden",7
2014,All others,"All others",-,"-",GBR,"United Kingdom of Great Britain and Northern Ireland",53
2014,BTN,"Bhutan",-,"-",USA,"United States of America",7335
2014,SYR,"Syrian Arab Rep.",-,"-",ESP,"Spain",30
2014,MMR,"Myanmar",-,"-",GBR,"United Kingdom of Great Britain and Northern Ireland",2
2014,SYR,"Syrian Arab Rep.",-,"-",USA,"United States of America",226
2014,COD,"Dem. Rep. of the Congo",-,"-",USA,"United States of America",4481
2014,All others,"All others",-,"-",SWE,"Sweden",144
2014,AFG,"Afghanistan",-,"-",CAN,"Canada",317
2014,All others,"All others",-,"-",BRA,"Brazil",42
2014,COD,"Dem. Rep. of the Congo",-,"-",BEL,"Belgium",6
2014,BTN,"Bhutan",-,"-",NOR,"Norway",6
2014,SYR,"Syrian Arab Rep.",-,"-",NZL,"New Zealand",1
2014,MMR,"Myanmar",-,"-",CAN,"Canada",395
2014,SDN,"Sudan",-,"-",NZL,"New Zealand",4
2014,BTN,"Bhutan",-,"-",AUS,"Australia",540
2014,SYR,"Syrian Arab Rep.",-,"-",SWE,"Sweden",420
2014,SOM,"Somalia",-,"-",AUT,"Austria",24
2014,SYR,"Syrian Arab Rep.",-,"-",CAN,"Canada",326
2014,COD,"Dem. Rep. of the Congo",-,"-",PRT,"Portugal",2
2014,AFG,"Afghanistan",-,"-",FIN,"Finland",234
2014,All others,"All others",-,"-",ISL,"Iceland",3
2014,IRQ,"Iraq",-,"-",CHE,"Switzerland",23
2014,MMR,"Myanmar",-,"-",JPN,"Japan",23
2014,AFG,"Afghanistan",-,"-",AUS,"Australia",1506
2014,IRQ,"Iraq",-,"-",NOR,"Norway",2
2014,SOM,"Somalia",-,"-",GBR,"United Kingdom of Great Britain and Northern Ireland",226
2014,MMR,"Myanmar",-,"-",USA,"United States of America",15358
2014,All others,"All others",-,"-",URY,"Uruguay",10
2014,All others,"All others",-,"-",CAN,"Canada",983
2014,COD,"Dem. Rep. of the Congo",-,"-",GBR,"United Kingdom of Great Britain and Northern Ireland",202
2014,IRN,"Iran (Islamic Rep. of)",-,"-",ALB,"Albania",278
2014,IRQ,"Iraq",-,"-",FRA,"France",2
2014,COD,"Dem. Rep. of the Congo",-,"-",SWE,"Sweden",203
2014,ERI,"Eritrea",-,"-",GBR,"United Kingdom of Great Britain and Northern Ireland",3
2014,SYR,"Syrian Arab Rep.",-,"-",GBR,"United Kingdom of Great Britain and Northern Ireland",132
2014,All others,"All others",-,"-",KOR,"Rep. of Korea",14
2014,SYR,"Syrian Arab Rep.",-,"-",AUT,"Austria",243
2014,COD,"Dem. Rep. of the Congo",-,"-",NLD,"Netherlands",41
2014,SDN,"Sudan",-,"-",DNK,"Denmark",29
2014,COD,"Dem. Rep. of the Congo",-,"-",AUS,"Australia",208
2014,IRN,"Iran (Islamic Rep. of)",-,"-",BEL,"Belgium",1
2014,SYR,"Syrian Arab Rep.",-,"-",NOR,"Norway",786
2014,MMR,"Myanmar",-,"-",AUS,"Australia",1628
2014,All others,"All others",-,"-",USA,"United States of America",2107
2014,AFG,"Afghanistan",-,"-",USA,"United States of America",633
2014,MMR,"Myanmar",-,"-",NLD,"Netherlands",2
2014,IRN,"Iran (Islamic Rep. of)",-,"-",NZL,"New Zealand",9
2014,SDN,"Sudan",-,"-",FRA,"France",1
2014,All others,"All others",-,"-",CHE,"Switzerland",2
2014,IRN,"Iran (Islamic Rep. of)",-,"-",DEU,"Germany",6
2014,SOM,"Somalia",-,"-",FIN,"Finland",25
2014,AFG,"Afghanistan",-,"-",NOR,"Norway",24
2014,ERI,"Eritrea",-,"-",NOR,"Norway",192
2014,All others,"All others",-,"-",NLD,"Netherlands",218
2014,COD,"Dem. Rep. of the Congo",-,"-",DNK,"Denmark",126
2014,SDN,"Sudan",-,"-",DEU,"Germany",2
2014,IRN,"Iran (Islamic Rep. of)",-,"-",NLD,"Netherlands",11
2014,IRN,"Iran (Islamic Rep. of)",-,"-",CAN,"Canada",1040
2014,SOM,"Somalia",-,"-",DEU,"Germany",32
2014,SYR,"Syrian Arab Rep.",-,"-",HUN,"Hungary",4
2014,IRQ,"Iraq",-,"-",DNK,"Denmark",1
2014,SOM,"Somalia",-,"-",AUS,"Australia",237
2014,SOM,"Somalia",-,"-",NOR,"Norway",93
2014,All others,"All others",-,"-",CZE,"Czechia",4
2014,BTN,"Bhutan",-,"-",NZL,"New Zealand",77
2014,IRQ,"Iraq",-,"-",CAN,"Canada",2203
2014,SYR,"Syrian Arab Rep.",-,"-",AUS,"Australia",409
2014,SYR,"Syrian Arab Rep.",-,"-",ISL,"Iceland",1
2014,IRN,"Iran (Islamic Rep. of)",-,"-",AUS,"Australia",309
2014,SOM,"Somalia",-,"-",CAN,"Canada",364
2014,SYR,"Syrian Arab Rep.",-,"-",NLD,"Netherlands",254
2014,IRQ,"Iraq",-,"-",USA,"United States of America",7432
2014,All others,"All others",-,"-",NOR,"Norway",13
2014,AFG,"Afghanistan",-,"-",SWE,"Sweden",465
2014,BTN,"Bhutan",-,"-",DNK,"Denmark",27
2014,ERI,"Eritrea",-,"-",NLD,"Netherlands",167
2014,IRQ,"Iraq",-,"-",AUS,"Australia",1049
2014,COD,"Dem. Rep. of the Congo",-,"-",FRA,"France",13
2014,ERI,"Eritrea",-,"-",USA,"United States of America",1167
2014,SYR,"Syrian Arab Rep.",-,"-",LUX,"Luxembourg",28
2014,ERI,"Eritrea",-,"-",FRA,"France",8
2014,IRQ,"Iraq",-,"-",ROU,"Romania",40
2014,SYR,"Syrian Arab Rep.",-,"-",FRA,"France",256
2014,All others,"All others",-,"-",DEU,"Germany",79
2014,IRN,"Iran (Islamic Rep. of)",-,"-",FIN,"Finland",81
2014,SDN,"Sudan",-,"-",CAN,"Canada",94
2014,SYR,"Syrian Arab Rep.",-,"-",DNK,"Denmark",9
2014,ERI,"Eritrea",-,"-",AUT,"Austria",2
2014,MMR,"Myanmar",-,"-",SWE,"Sweden",10
2014,All others,"All others",-,"-",NZL,"New Zealand",254
2014,SDN,"Sudan",-,"-",USA,"United States of America",458
2014,IRQ,"Iraq",-,"-",NZL,"New Zealand",18
2014,SDN,"Sudan",-,"-",FIN,"Finland",1
2014,SOM,"Somalia",-,"-",USA,"United States of America",8652
2014,All others,"All others",-,"-",DNK,"Denmark",123
2014,COD,"Dem. Rep. of the Congo",-,"-",CAN,"Canada",688
2014,IRQ,"Iraq",-,"-",MEX,"Mexico",1
2014,AFG,"Afghanistan",-,"-",NZL,"New Zealand",98
2014,MMR,"Myanmar",-,"-",DEU,"Germany",16
2014,BTN,"Bhutan",-,"-",CAN,"Canada",410
2014,IRQ,"Iraq",-,"-",GBR,"United Kingdom of Great Britain and Northern Ireland",10
2014,IRN,"Iran (Islamic Rep. of)",-,"-",USA,"United States of America",1062
2014,All others,"All others",-,"-",PRT,"Portugal",10
2014,COD,"Dem. Rep. of the Congo",-,"-",FIN,"Finland",203
2014,ERI,"Eritrea",-,"-",SWE,"Sweden",276
2014,SYR,"Syrian Arab Rep.",-,"-",BEL,"Belgium",25
2014,ERI,"Eritrea",-,"-",DNK,"Denmark",5
2014,SYR,"Syrian Arab Rep.",-,"-",FIN,"Finland",436
2014,All others,"All others",-,"-",ARG,"Argentina",21
2014,SYR,"Syrian Arab Rep.",-,"-",DEU,"Germany",3183
2014,ERI,"Eritrea",-,"-",AUS,"Australia",151
2014,SYR,"Syrian Arab Rep.",-,"-",IRL,"Ireland",90
2014,IRQ,"Iraq",-,"-",FIN,"Finland",14
2014,AFG,"Afghanistan",-,"-",DEU,"Germany",16
2014,IRQ,"Iraq",-,"-",SWE,"Sweden",7
2014,All others,"All others",-,"-",FIN,"Finland",15
2014,IRN,"Iran (Islamic Rep. of)",-,"-",PRT,"Portugal",2
2014,SOM,"Somalia",-,"-",NZL,"New Zealand",16
2014,All others,"All others",-,"-",FRA,"France",50
2014,IRQ,"Iraq",-,"-",NLD,"Netherlands",50
2014,SOM,"Somalia",-,"-",FRA,"France",11
2014,ERI,"Eritrea",-,"-",CAN,"Canada",413
2014,SDN,"Sudan",-,"-",SWE,"Sweden",43
2014,COD,"Dem. Rep. of the Congo",-,"-",IRL,"Ireland",8
2014,SYR,"Syrian Arab Rep.",-,"-",URY,"Uruguay",42
2014,SYR,"Syrian Arab Rep.",-,"-",CHE,"Switzerland",114
2014,AFG,"Afghanistan",-,"-",FRA,"France",37
2014,SOM,"Somalia",-,"-",SWE,"Sweden",237
2014,All others,"All others",-,"-",ROU,"Romania",4
2014,IRQ,"Iraq",-,"-",DEU,"Germany",133
2014,SYR,"Syrian Arab Rep.",-,"-",LIE,"Liechtenstein",5
2014,COD,"Dem. Rep. of the Congo",-,"-",NOR,"Norway",64
2014,AFG,"Afghanistan",-,"-",BRA,"Brazil",1
2014,ERI,"Eritrea",-,"-",FIN,"Finland",2
2014,IRN,"Iran (Islamic Rep. of)",-,"-",NOR,"Norway",8
2014,All others,"All others",-,"-",AUS,"Australia",124
2014,SDN,"Sudan",-,"-",AUS,"Australia",1
2014,SOM,"Somalia",-,"-",DNK,"Denmark",12
2014,MMR,"Myanmar",-,"-",NZL,"New Zealand",162
2014,SYR,"Syrian Arab Rep.",-,"-",BRA,"Brazil",1
2015,AFG,"Afghanistan",-,"-",DNK,"Denmark",14
2015,SDN,"Sudan",-,"-",GBR,"United Kingdom of Great Britain and Northern Ireland",68
2015,SOM,"Somalia",-,"-",NZL,"New Zealand",34
2015,IRQ,"Iraq",-,"-",NLD,"Netherlands",3
2015,SOM,"Somalia",-,"-",FRA,"France",10
2015,ERI,"Eritrea",-,"-",CAN,"Canada",608
2015,ERI,"Eritrea",-,"-",NZL,"New Zealand",2
2015,SDN,"Sudan",-,"-",SWE,"Sweden",17
2015,COD,"Dem. Rep. of the Congo",-,"-",IRL,"Ireland",2
2015,SYR,"Syrian Arab Rep.",-,"-",CHE,"Switzerland",548
2015,AFG,"Afghanistan",-,"-",FRA,"France",16
2015,SOM,"Somalia",-,"-",SWE,"Sweden",332
2015,IRQ,"Iraq",-,"-",DEU,"Germany",55
2015,SYR,"Syrian Arab Rep.",-,"-",LIE,"Liechtenstein",17
2015,COD,"Dem. Rep. of the Congo",-,"-",NOR,"Norway",187
2015,ERI,"Eritrea",-,"-",FIN,"Finland",7
2015,SOM,"Somalia",-,"-",NLD,"Netherlands",1
2015,SDN,"Sudan",-,"-",AUS,"Australia",18
2015,SOM,"Somalia",-,"-",DNK,"Denmark",16
2015,MMR,"Myanmar",-,"-",NZL,"New Zealand",233
2015,SYR,"Syrian Arab Rep.",-,"-",BRA,"Brazil",2
2015,BTN,"Bhutan",-,"-",AUS,"Australia",312
2015,IRN,"Iran (Islamic Rep. of)",-,"-",SWE,"Sweden",5
2015,BTN,"Bhutan",-,"-",USA,"United States of America",5558
2015,SYR,"Syrian Arab Rep.",-,"-",ESP,"Spain",92
2015,SYR,"Syrian Arab Rep.",-,"-",USA,"United States of America",2187
2015,COD,"Dem. Rep. of the Congo",-,"-",USA,"United States of America",8645
2015,AFG,"Afghanistan",-,"-",CAN,"Canada",365
2015,COD,"Dem. Rep. of the Congo",-,"-",BEL,"Belgium",88
2015,BTN,"Bhutan",-,"-",NOR,"Norway",10
2015,IRN,"Iran (Islamic Rep. of)",-,"-",CHE,"Switzerland",3
2015,SYR,"Syrian Arab Rep.",-,"-",NZL,"New Zealand",67
2015,AFG,"Afghanistan",-,"-",NLD,"Netherlands",5
2015,MMR,"Myanmar",-,"-",CAN,"Canada",363
2015,SDN,"Sudan",-,"-",NZL,"New Zealand",3
2015,SYR,"Syrian Arab Rep.",-,"-",SWE,"Sweden",677
2015,SOM,"Somalia",-,"-",AUT,"Austria",21
2015,SYR,"Syrian Arab Rep.",-,"-",CAN,"Canada",3061
2015,AFG,"Afghanistan",-,"-",FIN,"Finland",134
2015,IRQ,"Iraq",-,"-",CHE,"Switzerland",89
2015,MMR,"Myanmar",-,"-",JPN,"Japan",19
2015,SYR,"Syrian Arab Rep.",-,"-",ITA,"Italy",96
2015,AFG,"Afghanistan",-,"-",AUS,"Australia",1061
2015,ERI,"Eritrea",-,"-",DEU,"Germany",177
2015,IRQ,"Iraq",-,"-",NOR,"Norway",4
2015,SOM,"Somalia",-,"-",GBR,"United Kingdom of Great Britain and Northern Ireland",163
2015,MMR,"Myanmar",-,"-",USA,"United States of America",16675
2015,COD,"Dem. Rep. of the Congo",-,"-",GBR,"United Kingdom of Great Britain and Northern Ireland",157
2015,IRN,"Iran (Islamic Rep. of)",-,"-",ALB,"Albania",483
2015,COD,"Dem. Rep. of the Congo",-,"-",SWE,"Sweden",217
2015,ERI,"Eritrea",-,"-",GBR,"United Kingdom of Great Britain and Northern Ireland",17
2015,SYR,"Syrian Arab Rep.",-,"-",GBR,"United Kingdom of Great Britain and Northern Ireland",1208
2015,ERI,"Eritrea",-,"-",PRT,"Portugal",4
2015,SYR,"Syrian Arab Rep.",-,"-",AUT,"Austria",621
2015,COD,"Dem. Rep. of the Congo",-,"-",NLD,"Netherlands",74
2015,SDN,"Sudan",-,"-",DNK,"Denmark",11
2015,COD,"Dem. Rep. of the Congo",-,"-",AUS,"Australia",363
2015,SYR,"Syrian Arab Rep.",-,"-",NOR,"Norway",1669
2015,MMR,"Myanmar",-,"-",AUS,"Australia",1180
2015,SDN,"Sudan",-,"-",NOR,"Norway",20
2015,AFG,"Afghanistan",-,"-",USA,"United States of America",1205
2015,MMR,"Myanmar",-,"-",NOR,"Norway",5
2015,SDN,"Sudan",-,"-",FRA,"France",6
2015,SOM,"Somalia",-,"-",FIN,"Finland",25
2015,AFG,"Afghanistan",-,"-",NOR,"Norway",239
2015,ERI,"Eritrea",-,"-",NOR,"Norway",16
2015,IRQ,"Iraq",-,"-",CAN,"Canada",2001
2015,SDN,"Sudan",-,"-",PRT,"Portugal",8
2015,COD,"Dem. Rep. of the Congo",-,"-",DNK,"Denmark",264
2015,SDN,"Sudan",-,"-",DEU,"Germany",123
2015,IRN,"Iran (Islamic Rep. of)",-,"-",NLD,"Netherlands",2
2015,IRN,"Iran (Islamic Rep. of)",-,"-",CAN,"Canada",374
2015,IRQ,"Iraq",-,"-",IRL,"Ireland",31
2015,SOM,"Somalia",-,"-",DEU,"Germany",53
2015,AFG,"Afghanistan",-,"-",GBR,"United Kingdom of Great Britain and Northern Ireland",4
2015,SYR,"Syrian Arab Rep.",-,"-",HUN,"Hungary",2
2015,IRQ,"Iraq",-,"-",DNK,"Denmark",1
2015,SOM,"Somalia",-,"-",AUS,"Australia",281
2015,SOM,"Somalia",-,"-",NOR,"Norway",41
2015,BTN,"Bhutan",-,"-",NZL,"New Zealand",53
2015,SYR,"Syrian Arab Rep.",-,"-",AUS,"Australia",167
2015,SYR,"Syrian Arab Rep.",-,"-",ISL,"Iceland",12
2015,IRN,"Iran (Islamic Rep. of)",-,"-",AUS,"Australia",222
2015,SOM,"Somalia",-,"-",CAN,"Canada",355
2015,SYR,"Syrian Arab Rep.",-,"-",NLD,"Netherlands",236
2015,IRQ,"Iraq",-,"-",USA,"United States of America",4119
2015,AFG,"Afghanistan",-,"-",SWE,"Sweden",213
2015,ERI,"Eritrea",-,"-",NLD,"Netherlands",11
2015,IRQ,"Iraq",-,"-",AUS,"Australia",1159
2015,COD,"Dem. Rep. of the Congo",-,"-",FRA,"France",2
2015,ERI,"Eritrea",-,"-",USA,"United States of America",1457
2015,SYR,"Syrian Arab Rep.",-,"-",LUX,"Luxembourg",49
2015,COD,"Dem. Rep. of the Congo",-,"-",NZL,"New Zealand",4
2015,ERI,"Eritrea",-,"-",FRA,"France",18
2015,IRQ,"Iraq",-,"-",ROU,"Romania",2
2015,SYR,"Syrian Arab Rep.",-,"-",FRA,"France",587
2015,IRN,"Iran (Islamic Rep. of)",-,"-",FIN,"Finland",18
2015,SDN,"Sudan",-,"-",CAN,"Canada",81
2015,SYR,"Syrian Arab Rep.",-,"-",DNK,"Denmark",145
2015,COD,"Dem. Rep. of the Congo",-,"-",CAN,"Canada",547
2015,SYR,"Syrian Arab Rep.",-,"-",PRT,"Portugal",27
2015,MMR,"Myanmar",-,"-",SWE,"Sweden",6
2015,MMR,"Myanmar",-,"-",KOR,"Rep. of Korea",22
2015,SDN,"Sudan",-,"-",USA,"United States of America",1519
2015,IRQ,"Iraq",-,"-",NZL,"New Zealand",49
2015,SDN,"Sudan",-,"-",FIN,"Finland",212
2015,BTN,"Bhutan",-,"-",NLD,"Netherlands",1
2015,SOM,"Somalia",-,"-",USA,"United States of America",7074
2015,SYR,"Syrian Arab Rep.",-,"-",BLR,"Belarus",14
2015,AFG,"Afghanistan",-,"-",DEU,"Germany",5
2015,IRQ,"Iraq",-,"-",SWE,"Sweden",48
2015,AFG,"Afghanistan",-,"-",NZL,"New Zealand",151
2015,BTN,"Bhutan",-,"-",CAN,"Canada",398
2015,IRQ,"Iraq",-,"-",GBR,"United Kingdom of Great Britain and Northern Ireland",4
2015,IRN,"Iran (Islamic Rep. of)",-,"-",USA,"United States of America",1190
2015,SDN,"Sudan",-,"-",NLD,"Netherlands",6
2015,COD,"Dem. Rep. of the Congo",-,"-",FIN,"Finland",151
2015,ERI,"Eritrea",-,"-",SWE,"Sweden",48
2015,SYR,"Syrian Arab Rep.",-,"-",BEL,"Belgium",188
2015,SYR,"Syrian Arab Rep.",-,"-",FIN,"Finland",372
2015,SYR,"Syrian Arab Rep.",-,"-",DEU,"Germany",1627
2015,ERI,"Eritrea",-,"-",AUS,"Australia",168
2015,SYR,"Syrian Arab Rep.",-,"-",IRL,"Ireland",145
2015,IRQ,"Iraq",-,"-",FIN,"Finland",23
2016,IRQ,"Iraq",-,"-",SWE,"Sweden",99
2016,AFG,"Afghanistan",-,"-",NZL,"New Zealand",93
2016,BTN,"Bhutan",-,"-",CAN,"Canada",108
2016,IRQ,"Iraq",-,"-",GBR,"United Kingdom of Great Britain and Northern Ireland",159
2016,ERI,"Eritrea",-,"-",ITA,"Italy",48
2016,IRN,"Iran (Islamic Rep. of)",-,"-",USA,"United States of America",1786
2016,SDN,"Sudan",-,"-",NLD,"Netherlands",2
2016,COD,"Dem. Rep. of the Congo",-,"-",FIN,"Finland",196
2016,ERI,"Eritrea",-,"-",SWE,"Sweden",269
2016,SYR,"Syrian Arab Rep.",-,"-",BEL,"Belgium",448
2016,IRN,"Iran (Islamic Rep. of)",-,"-",NOR,"Norway",12
2016,SYR,"Syrian Arab Rep.",-,"-",FIN,"Finland",549
2016,SYR,"Syrian Arab Rep.",-,"-",DEU,"Germany",1183
2016,ERI,"Eritrea",-,"-",AUS,"Australia",162
2016,SYR,"Syrian Arab Rep.",-,"-",IRL,"Ireland",341
2016,SYR,"Syrian Arab Rep.",-,"-",LVA,"Latvia",6
2016,MMR,"Myanmar",-,"-",NZL,"New Zealand",155
2016,SDN,"Sudan",-,"-",GBR,"United Kingdom of Great Britain and Northern Ireland",108
2016,SOM,"Somalia",-,"-",NZL,"New Zealand",5
2016,IRQ,"Iraq",-,"-",NLD,"Netherlands",13
2016,SOM,"Somalia",-,"-",FRA,"France",4
2016,ERI,"Eritrea",-,"-",CAN,"Canada",447
2016,SDN,"Sudan",-,"-",SWE,"Sweden",34
2016,COD,"Dem. Rep. of the Congo",-,"-",IRL,"Ireland",2
2016,SYR,"Syrian Arab Rep.",-,"-",CHE,"Switzerland",574
2016,AFG,"Afghanistan",-,"-",FRA,"France",1
2016,SOM,"Somalia",-,"-",SWE,"Sweden",219
2016,SYR,"Syrian Arab Rep.",-,"-",LTU,"Lithuania",25
2016,COD,"Dem. Rep. of the Congo",-,"-",NOR,"Norway",8
2016,ERI,"Eritrea",-,"-",FIN,"Finland",4
2016,SOM,"Somalia",-,"-",NLD,"Netherlands",3
2016,SDN,"Sudan",-,"-",AUS,"Australia",7
2016,SOM,"Somalia",-,"-",DNK,"Denmark",9
2016,BTN,"Bhutan",-,"-",AUS,"Australia",547
2016,SYR,"Syrian Arab Rep.",-,"-",MCO,"Monaco",6
2016,IRN,"Iran (Islamic Rep. of)",-,"-",SWE,"Sweden",12
2016,BTN,"Bhutan",-,"-",USA,"United States of America",5577
2016,SYR,"Syrian Arab Rep.",-,"-",ESP,"Spain",288
2016,SYR,"Syrian Arab Rep.",-,"-",EST,"Estonia",11
2016,SYR,"Syrian Arab Rep.",-,"-",USA,"United States of America",14880
2016,COD,"Dem. Rep. of the Congo",-,"-",USA,"United States of America",19502
2016,AFG,"Afghanistan",-,"-",CAN,"Canada",282
2016,COD,"Dem. Rep. of the Congo",-,"-",BEL,"Belgium",4
2016,BTN,"Bhutan",-,"-",NOR,"Norway",4
2016,IRQ,"Iraq",-,"-",ITA,"Italy",7
2016,SYR,"Syrian Arab Rep.",-,"-",NZL,"New Zealand",383
2016,MMR,"Myanmar",-,"-",CAN,"Canada",382
2016,COD,"Dem. Rep. of the Congo",-,"-",GBR,"United Kingdom of Great Britain and Northern Ireland",204
2016,SYR,"Syrian Arab Rep.",-,"-",SWE,"Sweden",700
2016,IRQ,"Iraq",-,"-",FRA,"France",5
2016,SYR,"Syrian Arab Rep.",-,"-",CAN,"Canada",17015
2016,AFG,"Afghanistan",-,"-",FIN,"Finland",130
2016,IRQ,"Iraq",-,"-",CHE,"Switzerland",90
2016,MMR,"Myanmar",-,"-",JPN,"Japan",18
2016,SYR,"Syrian Arab Rep.",-,"-",ITA,"Italy",473
2016,AFG,"Afghanistan",-,"-",AUS,"Australia",912
2016,ERI,"Eritrea",-,"-",DEU,"Germany",20
2016,SOM,"Somalia",-,"-",GBR,"United Kingdom of Great Britain and Northern Ireland",110
2016,MMR,"Myanmar",-,"-",USA,"United States of America",10933
2016,IRN,"Iran (Islamic Rep. of)",-,"-",NZL,"New Zealand",8
2016,AFG,"Afghanistan",-,"-",NOR,"Norway",207
2016,ERI,"Eritrea",-,"-",NOR,"Norway",7
2016,COD,"Dem. Rep. of the Congo",-,"-",SWE,"Sweden",328
2016,ERI,"Eritrea",-,"-",GBR,"United Kingdom of Great Britain and Northern Ireland",31
2016,SYR,"Syrian Arab Rep.",-,"-",GBR,"United Kingdom of Great Britain and Northern Ireland",4271
2016,SYR,"Syrian Arab Rep.",-,"-",AUT,"Austria",80
2016,COD,"Dem. Rep. of the Congo",-,"-",NLD,"Netherlands",26
2016,SDN,"Sudan",-,"-",DNK,"Denmark",5
2016,COD,"Dem. Rep. of the Congo",-,"-",AUS,"Australia",514
2016,SYR,"Syrian Arab Rep.",-,"-",NOR,"Norway",2895
2016,MMR,"Myanmar",-,"-",AUS,"Australia",1693
2016,SDN,"Sudan",-,"-",NOR,"Norway",8
2016,AFG,"Afghanistan",-,"-",USA,"United States of America",2900
2016,MMR,"Myanmar",-,"-",NOR,"Norway",1
2016,SDN,"Sudan",-,"-",FRA,"France",5
2016,SOM,"Somalia",-,"-",FIN,"Finland",10
2016,IRQ,"Iraq",-,"-",CAN,"Canada",614
2016,COD,"Dem. Rep. of the Congo",-,"-",DNK,"Denmark",24
2016,IRN,"Iran (Islamic Rep. of)",-,"-",NLD,"Netherlands",2
2016,BTN,"Bhutan",-,"-",DNK,"Denmark",1
2016,IRN,"Iran (Islamic Rep. of)",-,"-",CAN,"Canada",198
2016,IRQ,"Iraq",-,"-",IRL,"Ireland",15
2016,AFG,"Afghanistan",-,"-",GBR,"United Kingdom of Great Britain and Northern Ireland",3
2016,SYR,"Syrian Arab Rep.",-,"-",HUN,"Hungary",4
2016,IRQ,"Iraq",-,"-",DNK,"Denmark",3
2016,SOM,"Somalia",-,"-",AUS,"Australia",186
2016,BTN,"Bhutan",-,"-",NZL,"New Zealand",58
2016,ERI,"Eritrea",-,"-",AUT,"Austria",1
2016,SDN,"Sudan",-,"-",CAN,"Canada",155
2016,SYR,"Syrian Arab Rep.",-,"-",DNK,"Denmark",245
2016,SYR,"Syrian Arab Rep.",-,"-",AUS,"Australia",1621
2016,SYR,"Syrian Arab Rep.",-,"-",ISL,"Iceland",56
2016,IRN,"Iran (Islamic Rep. of)",-,"-",AUS,"Australia",223
2016,SOM,"Somalia",-,"-",CAN,"Canada",294
2016,SYR,"Syrian Arab Rep.",-,"-",NLD,"Netherlands",582
2016,IRQ,"Iraq",-,"-",USA,"United States of America",5222
2016,AFG,"Afghanistan",-,"-",SWE,"Sweden",16
2016,IRQ,"Iraq",-,"-",CZE,"Czechia",22
2016,ERI,"Eritrea",-,"-",NLD,"Netherlands",2
2016,IRQ,"Iraq",-,"-",AUS,"Australia",1102
2016,COD,"Dem. Rep. of the Congo",-,"-",FRA,"France",12
2016,ERI,"Eritrea",-,"-",USA,"United States of America",1805
2016,SYR,"Syrian Arab Rep.",-,"-",LUX,"Luxembourg",52
2016,ERI,"Eritrea",-,"-",FRA,"France",12
2016,SYR,"Syrian Arab Rep.",-,"-",FRA,"France",1230
2016,COD,"Dem. Rep. of the Congo",-,"-",CAN,"Canada",1091
2016,IRN,"Iran (Islamic Rep. of)",-,"-",FRA,"France",15
2016,SYR,"Syrian Arab Rep.",-,"-",PRT,"Portugal",12
2016,MMR,"Myanmar",-,"-",DNK,"Denmark",7
2016,MMR,"Myanmar",-,"-",SWE,"Sweden",11
2016,MMR,"Myanmar",-,"-",KOR,"Rep. of Korea",34
2016,SDN,"Sudan",-,"-",USA,"United States of America",1365
2016,IRQ,"Iraq",-,"-",NZL,"New Zealand",36
2016,SDN,"Sudan",-,"-",FIN,"Finland",29
2016,SOM,"Somalia",-,"-",IRL,"Ireland",1
2016,BTN,"Bhutan",-,"-",NLD,"Netherlands",2
2016,SOM,"Somalia",-,"-",USA,"United States of America",9916
2017,COD,"Dem. Rep. of the Congo",-,"-",CAN,"Canada",1022
2017,IRN,"Iran (Islamic Rep. of)",-,"-",FRA,"France",1
2017,SYR,"Syrian Arab Rep.",-,"-",PRT,"Portugal",156
2017,SYR,"Syrian Arab Rep.",-,"-",HRV,"Croatia",40
2017,MMR,"Myanmar",-,"-",KOR,"Rep. of Korea",30
2017,SDN,"Sudan",-,"-",USA,"United States of America",582
2017,IRQ,"Iraq",-,"-",NZL,"New Zealand",10
2017,SDN,"Sudan",-,"-",FIN,"Finland",8
2017,SOM,"Somalia",-,"-",USA,"United States of America",2394
2017,IRQ,"Iraq",-,"-",FIN,"Finland",2
2017,SYR,"Syrian Arab Rep.",-,"-",LVA,"Latvia",40
2017,IRQ,"Iraq",-,"-",SWE,"Sweden",25
2017,AFG,"Afghanistan",-,"-",NZL,"New Zealand",119
2017,SDN,"Sudan",-,"-",DEU,"Germany",119
2017,BTN,"Bhutan",-,"-",CAN,"Canada",59
2017,IRQ,"Iraq",-,"-",GBR,"United Kingdom of Great Britain and Northern Ireland",333
2017,ERI,"Eritrea",-,"-",ITA,"Italy",78
2017,IRN,"Iran (Islamic Rep. of)",-,"-",USA,"United States of America",669
2017,COD,"Dem. Rep. of the Congo",-,"-",FIN,"Finland",34
2017,ERI,"Eritrea",-,"-",SWE,"Sweden",479
2017,IRQ,"Iraq",-,"-",DEU,"Germany",9
2017,SYR,"Syrian Arab Rep.",-,"-",BEL,"Belgium",1170
2017,SYR,"Syrian Arab Rep.",-,"-",FIN,"Finland",972
2017,SYR,"Syrian Arab Rep.",-,"-",DEU,"Germany",2796
2017,ERI,"Eritrea",-,"-",AUS,"Australia",136
2017,SYR,"Syrian Arab Rep.",-,"-",IRL,"Ireland",261
2017,MMR,"Myanmar",-,"-",NZL,"New Zealand",170
2017,SDN,"Sudan",-,"-",GBR,"United Kingdom of Great Britain and Northern Ireland",282
2017,SOM,"Somalia",-,"-",NZL,"New Zealand",14
2017,IRN,"Iran (Islamic Rep. of)",-,"-",GBR,"United Kingdom of Great Britain and Northern Ireland",10
2017,IRQ,"Iraq",-,"-",NLD,"Netherlands",6
2017,SOM,"Somalia",-,"-",FRA,"France",1
2017,ERI,"Eritrea",-,"-",CAN,"Canada",741
2017,SDN,"Sudan",-,"-",SWE,"Sweden",50
2017,IRN,"Iran (Islamic Rep. of)",-,"-",LUX,"Luxembourg",1
2017,SYR,"Syrian Arab Rep.",-,"-",CHE,"Switzerland",529
2017,AFG,"Afghanistan",-,"-",FRA,"France",2
2017,SOM,"Somalia",-,"-",SWE,"Sweden",73
2017,SYR,"Syrian Arab Rep.",-,"-",LTU,"Lithuania",58
2017,COD,"Dem. Rep. of the Congo",-,"-",NOR,"Norway",47
2017,SDN,"Sudan",-,"-",AUS,"Australia",29
2017,SDN,"Sudan",-,"-",NZL,"New Zealand",3
2017,BTN,"Bhutan",-,"-",AUS,"Australia",510
2017,SYR,"Syrian Arab Rep.",-,"-",MLT,"Malta",17
2017,IRN,"Iran (Islamic Rep. of)",-,"-",SWE,"Sweden",1
2017,BTN,"Bhutan",-,"-",USA,"United States of America",3364
2017,SYR,"Syrian Arab Rep.",-,"-",ESP,"Spain",1062
2017,SYR,"Syrian Arab Rep.",-,"-",ROU,"Romania",43
2017,IRQ,"Iraq",-,"-",NOR,"Norway",6
2017,SYR,"Syrian Arab Rep.",-,"-",EST,"Estonia",19
2017,SYR,"Syrian Arab Rep.",-,"-",USA,"United States of America",2927
2017,COD,"Dem. Rep. of the Congo",-,"-",USA,"United States of America",5297
2017,AFG,"Afghanistan",-,"-",CAN,"Canada",40
2017,COD,"Dem. Rep. of the Congo",-,"-",BEL,"Belgium",118
2017,IRN,"Iran (Islamic Rep. of)",-,"-",DEU,"Germany",4
2017,IRQ,"Iraq",-,"-",ITA,"Italy",3
2017,SYR,"Syrian Arab Rep.",-,"-",NZL,"New Zealand",312
2017,MMR,"Myanmar",-,"-",CAN,"Canada",102
2017,COD,"Dem. Rep. of the Congo",-,"-",GBR,"United Kingdom of Great Britain and Northern Ireland",291
2017,SYR,"Syrian Arab Rep.",-,"-",SWE,"Sweden",1587
2017,IRQ,"Iraq",-,"-",FRA,"France",8
2017,SYR,"Syrian Arab Rep.",-,"-",CAN,"Canada",4137
2017,AFG,"Afghanistan",-,"-",FIN,"Finland",51
2017,ERI,"Eritrea",-,"-",PRT,"Portugal",2
2017,IRQ,"Iraq",-,"-",CHE,"Switzerland",52
2017,MMR,"Myanmar",-,"-",JPN,"Japan",29
2017,SYR,"Syrian Arab Rep.",-,"-",ITA,"Italy",832
2017,AFG,"Afghanistan",-,"-",AUS,"Australia",898
2017,ERI,"Eritrea",-,"-",DEU,"Germany",14
2017,SOM,"Somalia",-,"-",GBR,"United Kingdom of Great Britain and Northern Ireland",263
2017,MMR,"Myanmar",-,"-",USA,"United States of America",3370
2017,IRN,"Iran (Islamic Rep. of)",-,"-",NZL,"New Zealand",42
2017,IRQ,"Iraq",-,"-",LUX,"Luxembourg",2
2017,AFG,"Afghanistan",-,"-",NOR,"Norway",3
2017,ERI,"Eritrea",-,"-",NOR,"Norway",7
2017,SDN,"Sudan",-,"-",PRT,"Portugal",5
2017,COD,"Dem. Rep. of the Congo",-,"-",SWE,"Sweden",527
2017,ERI,"Eritrea",-,"-",GBR,"United Kingdom of Great Britain and Northern Ireland",16
2017,SYR,"Syrian Arab Rep.",-,"-",GBR,"United Kingdom of Great Britain and Northern Ireland",4850
2017,SYR,"Syrian Arab Rep.",-,"-",AUT,"Austria",379
2017,COD,"Dem. Rep. of the Congo",-,"-",AUS,"Australia",371
2017,SOM,"Somalia",-,"-",DEU,"Germany",7
2017,SYR,"Syrian Arab Rep.",-,"-",CHL,"Chile",66
2017,SYR,"Syrian Arab Rep.",-,"-",NOR,"Norway",2670
2017,MMR,"Myanmar",-,"-",AUS,"Australia",1084
2017,SDN,"Sudan",-,"-",NOR,"Norway",10
2017,AFG,"Afghanistan",-,"-",USA,"United States of America",702
2017,MMR,"Myanmar",-,"-",NOR,"Norway",6
2017,SDN,"Sudan",-,"-",FRA,"France",40
2017,SOM,"Somalia",-,"-",NOR,"Norway",13
2017,IRQ,"Iraq",-,"-",MCO,"Monaco",23
2017,SOM,"Somalia",-,"-",FIN,"Finland",13
2017,BTN,"Bhutan",-,"-",NZL,"New Zealand",26
2017,IRN,"Iran (Islamic Rep. of)",-,"-",FIN,"Finland",1
2017,IRQ,"Iraq",-,"-",CAN,"Canada",765
2017,SOM,"Somalia",-,"-",SVK,"Slovakia",4
2017,IRN,"Iran (Islamic Rep. of)",-,"-",NLD,"Netherlands",5
2017,IRN,"Iran (Islamic Rep. of)",-,"-",CAN,"Canada",127
2017,IRQ,"Iraq",-,"-",IRL,"Ireland",12
2017,AFG,"Afghanistan",-,"-",GBR,"United Kingdom of Great Britain and Northern Ireland",35
2017,SOM,"Somalia",-,"-",AUS,"Australia",102
2017,COD,"Dem. Rep. of the Congo",-,"-",NZL,"New Zealand",8
2017,ERI,"Eritrea",-,"-",FRA,"France",44
2017,SYR,"Syrian Arab Rep.",-,"-",FRA,"France",2279
2017,SDN,"Sudan",-,"-",CAN,"Canada",100
2017,SYR,"Syrian Arab Rep.",-,"-",DNK,"Denmark",5
2017,SYR,"Syrian Arab Rep.",-,"-",AUS,"Australia",134
2017,SYR,"Syrian Arab Rep.",-,"-",ISL,"Iceland",47
2017,IRN,"Iran (Islamic Rep. of)",-,"-",AUS,"Australia",35
2017,SOM,"Somalia",-,"-",CAN,"Canada",235
2017,SYR,"Syrian Arab Rep.",-,"-",NLD,"Netherlands",2221
2017,IRQ,"Iraq",-,"-",USA,"United States of America",1844
2017,AFG,"Afghanistan",-,"-",SWE,"Sweden",203
2017,ERI,"Eritrea",-,"-",NLD,"Netherlands",2
2017,IRQ,"Iraq",-,"-",AUS,"Australia",314
2017,COD,"Dem. Rep. of the Congo",-,"-",FRA,"France",18
2017,ERI,"Eritrea",-,"-",USA,"United States of America",1676
2017,SYR,"Syrian Arab Rep.",-,"-",LUX,"Luxembourg",179
2018,ERI,"Eritrea",-,"-",FRA,"France",148
2018,SYR,"Syrian Arab Rep.",-,"-",FRA,"France",4193
2018,SDN,"Sudan",-,"-",CAN,"Canada",252
2018,SYR,"Syrian Arab Rep.",-,"-",AUS,"Australia",302
2018,SYR,"Syrian Arab Rep.",-,"-",ISL,"Iceland",14
2018,IRN,"Iran (Islamic Rep. of)",-,"-",AUS,"Australia",96
2018,MMR,"Myanmar",-,"-",SWE,"Sweden",2
2018,SOM,"Somalia",-,"-",CAN,"Canada",502
2018,SYR,"Syrian Arab Rep.",-,"-",NLD,"Netherlands",859
2018,IRQ,"Iraq",-,"-",USA,"United States of America",33
2018,AFG,"Afghanistan",-,"-",SWE,"Sweden",270
2018,ERI,"Eritrea",-,"-",NLD,"Netherlands",39
2018,IRQ,"Iraq",-,"-",AUS,"Australia",99
2018,COD,"Dem. Rep. of the Congo",-,"-",FRA,"France",7
2018,ERI,"Eritrea",-,"-",USA,"United States of America",1210
2018,COD,"Dem. Rep. of the Congo",-,"-",CAN,"Canada",653
2018,IRN,"Iran (Islamic Rep. of)",-,"-",FRA,"France",6
2018,SYR,"Syrian Arab Rep.",-,"-",PRT,"Portugal",20
2018,ERI,"Eritrea",-,"-",NZL,"New Zealand",1
2018,ERI,"Eritrea",-,"-",CHE,"Switzerland",61
2018,IRN,"Iran (Islamic Rep. of)",-,"-",ITA,"Italy",3
2018,SDN,"Sudan",-,"-",NLD,"Netherlands",90
2018,SYR,"Syrian Arab Rep.",-,"-",HRV,"Croatia",88
2018,MMR,"Myanmar",-,"-",KOR,"Rep. of Korea",26
2018,SDN,"Sudan",-,"-",USA,"United States of America",56
2018,IRN,"Iran (Islamic Rep. of)",-,"-",NOR,"Norway",4
2018,IRQ,"Iraq",-,"-",NZL,"New Zealand",7
2018,SDN,"Sudan",-,"-",FIN,"Finland",19
2018,IRQ,"Iraq",-,"-",ISL,"Iceland",28
2018,SOM,"Somalia",-,"-",USA,"United States of America",23
2018,IRQ,"Iraq",-,"-",SWE,"Sweden",43
2018,SDN,"Sudan",-,"-",CHE,"Switzerland",5
2018,AFG,"Afghanistan",-,"-",NZL,"New Zealand",88
2018,BTN,"Bhutan",-,"-",CAN,"Canada",11
2018,IRQ,"Iraq",-,"-",GBR,"United Kingdom of Great Britain and Northern Ireland",338
2018,SOM,"Somalia",-,"-",CHE,"Switzerland",10
2018,ERI,"Eritrea",-,"-",ITA,"Italy",60
2018,IRN,"Iran (Islamic Rep. of)",-,"-",USA,"United States of America",11
2018,COD,"Dem. Rep. of the Congo",-,"-",FIN,"Finland",128
2018,ERI,"Eritrea",-,"-",SWE,"Sweden",376
2018,IRQ,"Iraq",-,"-",DEU,"Germany",1
2018,SYR,"Syrian Arab Rep.",-,"-",BEL,"Belgium",816
2018,ERI,"Eritrea",-,"-",FIN,"Finland",59
2018,SOM,"Somalia",-,"-",NLD,"Netherlands",24
2018,SYR,"Syrian Arab Rep.",-,"-",FIN,"Finland",366
2018,SYR,"Syrian Arab Rep.",-,"-",DEU,"Germany",2929
2018,ERI,"Eritrea",-,"-",AUS,"Australia",251
2018,IRQ,"Iraq",-,"-",BEL,"Belgium",1
2018,SYR,"Syrian Arab Rep.",-,"-",IRL,"Ireland",333
2018,MMR,"Myanmar",-,"-",NZL,"New Zealand",229
2018,SOM,"Somalia",-,"-",BEL,"Belgium",10
2018,SDN,"Sudan",-,"-",GBR,"United Kingdom of Great Britain and Northern Ireland",227
2018,SOM,"Somalia",-,"-",NZL,"New Zealand",15
2018,IRN,"Iran (Islamic Rep. of)",-,"-",GBR,"United Kingdom of Great Britain and Northern Ireland",25
2018,IRQ,"Iraq",-,"-",NLD,"Netherlands",5
2018,SOM,"Somalia",-,"-",FRA,"France",49
2018,ERI,"Eritrea",-,"-",CAN,"Canada",935
2018,SDN,"Sudan",-,"-",SWE,"Sweden",211
2018,SYR,"Syrian Arab Rep.",-,"-",CHE,"Switzerland",995
2018,SOM,"Somalia",-,"-",SWE,"Sweden",55
2018,SYR,"Syrian Arab Rep.",-,"-",LTU,"Lithuania",18
2018,COD,"Dem. Rep. of the Congo",-,"-",NOR,"Norway",663
2018,SYR,"Syrian Arab Rep.",-,"-",ARG,"Argentina",3
2018,MMR,"Myanmar",-,"-",CAN,"Canada",100
2018,BTN,"Bhutan",-,"-",AUS,"Australia",253
2018,IRN,"Iran (Islamic Rep. of)",-,"-",SWE,"Sweden",14
2018,BTN,"Bhutan",-,"-",USA,"United States of America",653
2018,SYR,"Syrian Arab Rep.",-,"-",ESP,"Spain",80
2018,SYR,"Syrian Arab Rep.",-,"-",SVN,"Slovenia",34
2018,IRQ,"Iraq",-,"-",NOR,"Norway",4
2018,SYR,"Syrian Arab Rep.",-,"-",EST,"Estonia",29
2018,SYR,"Syrian Arab Rep.",-,"-",USA,"United States of America",29
2018,COD,"Dem. Rep. of the Congo",-,"-",USA,"United States of America",8915
2018,SYR,"Syrian Arab Rep.",-,"-",BGR,"Bulgaria",21
2018,AFG,"Afghanistan",-,"-",CAN,"Canada",100
2018,COD,"Dem. Rep. of the Congo",-,"-",BEL,"Belgium",34
2018,SYR,"Syrian Arab Rep.",-,"-",NZL,"New Zealand",230
2018,COD,"Dem. Rep. of the Congo",-,"-",GBR,"United Kingdom of Great Britain and Northern Ireland",281
2018,SYR,"Syrian Arab Rep.",-,"-",SWE,"Sweden",2791
2018,IRQ,"Iraq",-,"-",FRA,"France",2
2018,SYR,"Syrian Arab Rep.",-,"-",CAN,"Canada",3045
2018,AFG,"Afghanistan",-,"-",FIN,"Finland",6
2018,SDN,"Sudan",-,"-",ITA,"Italy",14
2018,IRQ,"Iraq",-,"-",CHE,"Switzerland",1
2018,MMR,"Myanmar",-,"-",JPN,"Japan",22
2018,SYR,"Syrian Arab Rep.",-,"-",ITA,"Italy",314
2018,COD,"Dem. Rep. of the Congo",-,"-",NLD,"Netherlands",135
2018,AFG,"Afghanistan",-,"-",AUS,"Australia",147
2018,ERI,"Eritrea",-,"-",DEU,"Germany",238
2018,SOM,"Somalia",-,"-",GBR,"United Kingdom of Great Britain and Northern Ireland",130
2018,MMR,"Myanmar",-,"-",USA,"United States of America",3588
2018,IRN,"Iran (Islamic Rep. of)",-,"-",NZL,"New Zealand",8
2018,SOM,"Somalia",-,"-",FIN,"Finland",8
2018,ERI,"Eritrea",-,"-",BEL,"Belgium",33
2018,ERI,"Eritrea",-,"-",NOR,"Norway",7
2018,COD,"Dem. Rep. of the Congo",-,"-",SWE,"Sweden",601
2018,ERI,"Eritrea",-,"-",GBR,"United Kingdom of Great Britain and Northern Ireland",109
2018,SYR,"Syrian Arab Rep.",-,"-",GBR,"United Kingdom of Great Britain and Northern Ireland",4297
2018,COD,"Dem. Rep. of the Congo",-,"-",AUS,"Australia",1311
2018,SOM,"Somalia",-,"-",DEU,"Germany",37
2018,SYR,"Syrian Arab Rep.",-,"-",NOR,"Norway",1607
2018,MMR,"Myanmar",-,"-",AUS,"Australia",780
2018,SDN,"Sudan",-,"-",NOR,"Norway",3
2018,AFG,"Afghanistan",-,"-",USA,"United States of America",774
2018,MMR,"Myanmar",-,"-",NOR,"Norway",3
2018,SDN,"Sudan",-,"-",FRA,"France",316
2018,BTN,"Bhutan",-,"-",NZL,"New Zealand",2
2018,IRQ,"Iraq",-,"-",CAN,"Canada",671
2018,IRN,"Iran (Islamic Rep. of)",-,"-",CAN,"Canada",191
2018,IRQ,"Iraq",-,"-",IRL,"Ireland",5
2018,AFG,"Afghanistan",-,"-",GBR,"United Kingdom of Great Britain and Northern Ireland",40
2018,SOM,"Somalia",-,"-",AUS,"Australia",33
2018,COD,"Dem. Rep. of the Congo",-,"-",NZL,"New Zealand",14
2019,IRQ,"Iraq",-,"-",CAN,"Canada",368
2019,IRN,"Iran (Islamic Rep. of)",-,"-",CAN,"Canada",63
2019,IRQ,"Iraq",-,"-",IRL,"Ireland",5
2019,AFG,"Afghanistan",-,"-",GBR,"United Kingdom of Great Britain and Northern Ireland",110
2019,SOM,"Somalia",-,"-",AUS,"Australia",4
2019,COD,"Dem. Rep. of the Congo",-,"-",NZL,"New Zealand",29
2019,ERI,"Eritrea",-,"-",USA,"United States of America",454
2019,IRQ,"Iraq",-,"-",FIN,"Finland",1
2019,ERI,"Eritrea",-,"-",FRA,"France",75
2019,SYR,"Syrian Arab Rep.",-,"-",FRA,"France",1526
2019,SDN,"Sudan",-,"-",CAN,"Canada",147
2019,SYR,"Syrian Arab Rep.",-,"-",AUS,"Australia",57
2019,SYR,"Syrian Arab Rep.",-,"-",ISL,"Iceland",43
2019,SYR,"Syrian Arab Rep.",-,"-",ESP,"Spain",558
2019,BTN,"Bhutan",-,"-",USA,"United States of America",4
2019,IRN,"Iran (Islamic Rep. of)",-,"-",AUS,"Australia",2
2019,SOM,"Somalia",-,"-",CAN,"Canada",281
2019,SYR,"Syrian Arab Rep.",-,"-",NLD,"Netherlands",711
2019,IRQ,"Iraq",-,"-",USA,"United States of America",46
2019,AFG,"Afghanistan",-,"-",SWE,"Sweden",234
2019,ERI,"Eritrea",-,"-",NLD,"Netherlands",6
2019,IRQ,"Iraq",-,"-",AUS,"Australia",30
2019,COD,"Dem. Rep. of the Congo",-,"-",CAN,"Canada",190
2019,SYR,"Syrian Arab Rep.",-,"-",PRT,"Portugal",63
2019,ERI,"Eritrea",-,"-",NZL,"New Zealand",14
2019,SDN,"Sudan",-,"-",NLD,"Netherlands",20
2019,SYR,"Syrian Arab Rep.",-,"-",HRV,"Croatia",74
2019,SDN,"Sudan",-,"-",USA,"United States of America",158
2019,IRQ,"Iraq",-,"-",NZL,"New Zealand",8
2019,SOM,"Somalia",-,"-",USA,"United States of America",39
2019,IRQ,"Iraq",-,"-",SWE,"Sweden",2
2019,AFG,"Afghanistan",-,"-",NZL,"New Zealand",51
2019,BTN,"Bhutan",-,"-",CAN,"Canada",1
2019,IRQ,"Iraq",-,"-",GBR,"United Kingdom of Great Britain and Northern Ireland",225
2019,AFG,"Afghanistan",-,"-",FRA,"France",8
2019,ERI,"Eritrea",-,"-",ITA,"Italy",21
2019,IRN,"Iran (Islamic Rep. of)",-,"-",USA,"United States of America",63
2019,COD,"Dem. Rep. of the Congo",-,"-",FIN,"Finland",104
2019,ERI,"Eritrea",-,"-",SWE,"Sweden",232
2019,SYR,"Syrian Arab Rep.",-,"-",BEL,"Belgium",92
2019,ERI,"Eritrea",-,"-",FIN,"Finland",1
2019,IRQ,"Iraq",-,"-",PRT,"Portugal",29
2019,SYR,"Syrian Arab Rep.",-,"-",FIN,"Finland",186
2019,SDN,"Sudan",-,"-",AUS,"Australia",5
2019,SYR,"Syrian Arab Rep.",-,"-",DEU,"Germany",1267
2019,ERI,"Eritrea",-,"-",AUS,"Australia",67
2019,SDN,"Sudan",-,"-",NZL,"New Zealand",4
2019,SYR,"Syrian Arab Rep.",-,"-",IRL,"Ireland",172
2019,MMR,"Myanmar",-,"-",NZL,"New Zealand",99
2019,SDN,"Sudan",-,"-",GBR,"United Kingdom of Great Britain and Northern Ireland",95
2019,SOM,"Somalia",-,"-",NZL,"New Zealand",6
2019,IRN,"Iran (Islamic Rep. of)",-,"-",GBR,"United Kingdom of Great Britain and Northern Ireland",7
2019,IRQ,"Iraq",-,"-",NLD,"Netherlands",1
2019,SOM,"Somalia",-,"-",FRA,"France",20
2019,ERI,"Eritrea",-,"-",CAN,"Canada",243
2019,SDN,"Sudan",-,"-",SWE,"Sweden",118
2019,SYR,"Syrian Arab Rep.",-,"-",CHE,"Switzerland",397
2019,SOM,"Somalia",-,"-",SWE,"Sweden",21
2019,COD,"Dem. Rep. of the Congo",-,"-",NOR,"Norway",323
2019,MMR,"Myanmar",-,"-",CAN,"Canada",67
2019,BTN,"Bhutan",-,"-",AUS,"Australia",9
2019,IRN,"Iran (Islamic Rep. of)",-,"-",SWE,"Sweden",8
2019,SOM,"Somalia",-,"-",PRT,"Portugal",5
2019,ERI,"Eritrea",-,"-",PRT,"Portugal",5
2019,SYR,"Syrian Arab Rep.",-,"-",EST,"Estonia",7
2019,SYR,"Syrian Arab Rep.",-,"-",USA,"United States of America",288
2019,COD,"Dem. Rep. of the Congo",-,"-",USA,"United States of America",5527
2019,SYR,"Syrian Arab Rep.",-,"-",BGR,"Bulgaria",6
2019,AFG,"Afghanistan",-,"-",CAN,"Canada",99
2019,SYR,"Syrian Arab Rep.",-,"-",NZL,"New Zealand",82
2019,SDN,"Sudan",-,"-",PRT,"Portugal",24
2019,COD,"Dem. Rep. of the Congo",-,"-",GBR,"United Kingdom of Great Britain and Northern Ireland",23
2019,SYR,"Syrian Arab Rep.",-,"-",SWE,"Sweden",734
2019,SYR,"Syrian Arab Rep.",-,"-",CAN,"Canada",1242
2019,AFG,"Afghanistan",-,"-",FIN,"Finland",5
2019,SDN,"Sudan",-,"-",ITA,"Italy",10
2019,SYR,"Syrian Arab Rep.",-,"-",ITA,"Italy",159
2019,COD,"Dem. Rep. of the Congo",-,"-",NLD,"Netherlands",55
2019,AFG,"Afghanistan",-,"-",AUS,"Australia",28
2019,SOM,"Somalia",-,"-",GBR,"United Kingdom of Great Britain and Northern Ireland",55
2019,MMR,"Myanmar",-,"-",USA,"United States of America",2165
2019,IRN,"Iran (Islamic Rep. of)",-,"-",NZL,"New Zealand",4
2019,SOM,"Somalia",-,"-",NOR,"Norway",5
2019,SDN,"Sudan",-,"-",FRA,"France",363
2019,ERI,"Eritrea",-,"-",NOR,"Norway",13
2019,COD,"Dem. Rep. of the Congo",-,"-",SWE,"Sweden",277
2019,ERI,"Eritrea",-,"-",GBR,"United Kingdom of Great Britain and Northern Ireland",41
2019,SYR,"Syrian Arab Rep.",-,"-",GBR,"United Kingdom of Great Britain and Northern Ireland",1571
2019,COD,"Dem. Rep. of the Congo",-,"-",AUS,"Australia",735
2019,SYR,"Syrian Arab Rep.",-,"-",NOR,"Norway",401
2019,MMR,"Myanmar",-,"-",AUS,"Australia",96
2019,SDN,"Sudan",-,"-",NOR,"Norway",49
2019,AFG,"Afghanistan",-,"-",USA,"United States of America",327

"Some data presented may differ from statistics published previously due to retroactive changes or the inclusion of previously unavailable data. In addition, resettlement departure figures reported by UNHCR may not match resettlement statistics published by States as Government figures may include individuals who were resettled outside of UNHCR processes. More information about UNHCR's resettlement programe can be found at http://www.unhcr.org/resettlement.html."